"agentid","total_duration"
8,"124.6115342763873776"
9,"115.9043683589138135"
7,"121.4744608399545970"
10,"125.7589576547231270"
1,"132.6812796208530806"
5,"127.5369565217391304"
4,"121.3556058890147225"
2,"126.9329670329670330"
6,"130.2375809935205184"
0,"124.8442622950819672"
3,"125.0317982456140351"
