"agentid","avg_duration"
10,"125.7589576547231270"
1,"132.6812796208530806"
5,"127.5369565217391304"
2,"126.9329670329670330"
6,"130.2375809935205184"
