"agent_name","avg_duration"
"Jocelyn Parker","132.6812796208530806"
"Gloria Singh","130.2375809935205184"
"Paul Nunez","127.5369565217391304"
"Christopher Moreno","126.9329670329670330"
"Agent X","125.7589576547231270"
"Todd Morrow","125.0317982456140351"
"Michele Williams","124.8442622950819672"
"Lisa Cordova","124.6115342763873776"
"Angel Briggs","121.4744608399545970"
"Randy Moore","121.3556058890147225"
"Dana Hardy","115.9043683589138135"
